ID,艦種,艦名,耐久初期,火力最大,雷装最大,対空最大,装甲最大,対潜最大,回避最大,索敵最大,運最大,スロット数,搭載機数1,搭載機数2,搭載機数3,搭載機数4,艦娘フラグ
1,駆逐艦,睦月,13,29,59,29,18,39,79,17,49,2,0,0,0,0,1
2,駆逐艦,如月,13,29,49,29,18,39,69,17,49,2,0,0,0,0,1
3,駆逐艦,長月,13,29,49,29,18,39,69,17,69,2,0,0,0,0,1
4,駆逐艦,三日月,13,29,49,29,18,39,69,17,49,2,0,0,0,0,1
5,駆逐艦,吹雪,15,29,79,39,19,49,89,19,49,2,0,0,0,0,1
6,駆逐艦,白雪,15,29,69,39,19,49,79,19,49,2,0,0,0,0,1
7,駆逐艦,深雪,15,29,69,39,19,49,79,19,49,2,0,0,0,0,1
8,駆逐艦,磯波,15,29,69,39,19,49,79,19,49,2,0,0,0,0,1
9,駆逐艦,綾波,15,29,79,39,19,49,89,19,49,2,0,0,0,0,1
10,駆逐艦,敷波,15,29,69,39,19,49,79,19,49,2,0,0,0,0,1
11,駆逐艦,曙,15,29,69,39,19,49,79,19,49,2,0,0,0,0,1
12,駆逐艦,潮,15,29,69,39,19,49,79,19,79,2,0,0,0,0,1
13,駆逐艦,陽炎,16,29,79,39,19,49,79,19,49,2,0,0,0,0,1
14,駆逐艦,不知火,16,29,69,39,19,49,79,19,49,2,0,0,0,0,1
15,駆逐艦,黒潮,16,29,69,39,19,49,79,19,49,2,0,0,0,0,1
16,駆逐艦,雪風,16,29,79,49,29,49,89,19,99,2,0,0,0,0,1
17,軽巡洋艦,長良,26,49,89,59,29,59,79,39,49,2,1,1,0,0,1
18,軽巡洋艦,五十鈴,26,39,79,49,29,79,69,39,49,2,1,1,0,0,1
19,軽巡洋艦,由良,26,39,79,49,29,79,69,39,49,2,1,1,0,0,1
20,軽巡洋艦,大井,25,49,89,59,29,59,77,39,49,2,0,0,0,0,1
21,軽巡洋艦,北上,25,39,79,49,29,59,69,39,69,2,0,0,0,0,1
22,戦艦,扶桑,67,94,0,79,79,0,39,33,39,4,3,3,3,3,1
23,戦艦,山城,67,94,0,79,79,0,39,33,39,4,3,3,3,3,1
24,駆逐艦,皐月,13,29,49,29,18,39,69,17,49,2,0,0,0,0,1
25,駆逐艦,文月,13,29,49,29,18,39,69,17,49,2,0,0,0,0,1
26,駆逐艦,菊月,13,29,49,29,18,39,69,17,49,2,0,0,0,0,1
27,駆逐艦,望月,13,29,49,29,18,39,69,17,49,2,0,0,0,0,1
28,駆逐艦,初雪,15,29,69,39,19,49,79,19,49,2,0,0,0,0,1
29,駆逐艦,叢雲,15,29,69,39,19,49,79,19,49,2,0,0,0,0,1
30,駆逐艦,暁,15,29,79,39,19,49,89,19,49,2,0,0,0,0,1
31,駆逐艦,響,15,29,69,39,19,49,79,19,49,2,0,0,0,0,1
32,駆逐艦,雷,15,29,69,39,19,49,79,19,49,2,0,0,0,0,1
33,駆逐艦,電,15,29,69,39,19,49,79,19,49,2,0,0,0,0,1
34,駆逐艦,初春,16,29,79,39,19,49,89,19,49,2,0,0,0,0,1
35,駆逐艦,子日,16,29,69,39,19,49,79,19,49,2,0,0,0,0,1
36,駆逐艦,若葉,16,29,69,39,19,49,79,19,49,2,0,0,0,0,1
37,駆逐艦,初霜,16,29,69,39,19,49,79,19,49,2,0,0,0,0,1
38,駆逐艦,白露,16,29,79,39,19,49,79,19,49,2,0,0,0,0,1
39,駆逐艦,時雨,16,29,69,39,19,49,79,19,49,2,0,0,0,0,1
40,駆逐艦,村雨,16,29,69,39,19,49,79,19,49,2,0,0,0,0,1
41,駆逐艦,夕立,16,29,69,39,19,49,79,19,49,2,0,0,0,0,1
42,駆逐艦,五月雨,16,29,69,39,19,49,79,19,49,2,0,0,0,0,1
43,駆逐艦,涼風,16,29,79,39,19,49,79,19,49,2,0,0,0,0,1
44,駆逐艦,霰,16,29,69,39,19,49,79,19,49,2,0,0,0,0,1
45,駆逐艦,霞,16,29,69,39,19,49,79,19,59,2,0,0,0,0,1
46,駆逐艦,島風,19,29,89,49,29,49,99,19,49,2,0,0,0,0,1
47,軽巡洋艦,天龍,23,39,59,39,29,59,69,19,49,2,0,0,0,0,1
48,軽巡洋艦,龍田,23,39,59,39,29,59,69,19,49,2,0,0,0,0,1
49,軽巡洋艦,名取,26,39,79,49,29,59,69,39,49,2,1,1,0,0,1
50,軽巡洋艦,川内,26,49,89,59,29,69,79,39,49,2,1,1,0,0,1
51,軽巡洋艦,神通,26,39,79,49,29,69,69,39,49,2,1,1,0,0,1
52,軽巡洋艦,那珂,26,39,79,49,29,69,69,39,49,2,1,1,0,0,1
53,重雷装巡洋艦,大井改,32,39,99,39,39,59,77,39,49,2,0,0,0,0,1
54,重雷装巡洋艦,北上改,32,39,99,39,39,59,77,39,69,2,0,0,0,0,1
55,重巡洋艦,古鷹,36,54,59,59,34,0,69,39,49,3,2,2,2,0,1
56,重巡洋艦,加古,36,49,49,49,34,0,59,39,49,3,2,2,2,0,1
57,重巡洋艦,青葉,37,54,59,59,37,0,69,39,69,3,2,2,2,0,1
58,重巡洋艦,妙高,44,59,59,64,49,0,69,39,49,3,2,2,2,0,1
59,重巡洋艦,那智,44,54,49,54,49,0,59,39,49,3,2,2,2,0,1
60,重巡洋艦,足柄,44,54,49,54,49,0,59,39,49,3,2,2,2,0,1
61,重巡洋艦,羽黒,44,54,49,54,49,0,59,39,49,3,2,2,2,0,1
62,重巡洋艦,高雄,45,59,59,66,49,0,69,39,49,3,2,2,2,0,1
63,重巡洋艦,愛宕,45,54,59,56,49,0,59,39,49,3,2,2,2,0,1
64,重巡洋艦,摩耶,45,54,49,56,49,0,59,39,49,3,2,2,2,0,1
65,重巡洋艦,鳥海,45,54,49,56,49,0,59,39,49,3,2,2,2,0,1
66,重巡洋艦,最上,41,59,69,59,59,0,69,39,49,3,2,2,2,0,1
67,重巡洋艦,利根,44,59,59,67,59,0,69,59,49,3,3,3,3,0,1
68,重巡洋艦,筑摩,44,59,59,67,59,0,69,59,49,3,3,3,3,0,1
69,航空巡洋艦,最上改,50,75,69,64,71,0,69,59,69,4,5,6,5,11,1
70,軽空母,祥鳳,32,19,0,29,39,0,49,69,49,3,18,9,3,0,1
71,軽空母,飛鷹,40,19,0,59,39,0,54,59,49,4,12,18,18,10,1
72,軽空母,龍驤,31,19,0,29,39,0,44,69,49,3,9,24,5,0,1
73,戦艦,伊勢,74,89,0,79,89,0,49,36,69,4,3,3,3,3,1
74,巡洋戦艦,金剛,63,89,0,69,69,0,59,39,49,3,3,3,3,0,1
75,巡洋戦艦,榛名,63,89,0,69,69,0,59,39,69,3,3,3,3,0,1
76,戦艦,長門,80,99,0,89,89,0,49,39,79,4,3,3,3,3,1
77,戦艦,陸奥,80,99,0,89,89,0,49,39,39,4,3,3,3,3,1
78,航空戦艦,伊勢改,77,83,0,92,92,0,77,60,79,4,11,11,11,14,1
79,正規空母,赤城,69,39,0,69,54,0,49,69,49,4,18,18,27,10,1
80,正規空母,加賀,71,39,0,69,59,0,49,69,49,4,18,18,45,12,1
81,巡洋戦艦,霧島,63,89,0,69,69,0,59,39,49,3,3,3,3,0,1
82,巡洋戦艦,比叡,63,89,0,69,69,0,59,39,49,3,3,3,3,0,1
83,戦艦,日向,74,94,0,79,89,0,49,36,69,4,3,3,3,3,1
84,航空戦艦,日向改,77,83,0,92,92,0,77,60,79,4,11,11,11,14,1
85,軽空母,鳳翔,30,19,0,29,39,0,39,69,69,2,8,11,0,0,1
86,正規空母,蒼龍,50,29,0,69,49,0,59,69,49,4,12,27,18,7,1
87,正規空母,飛龍,50,29,0,69,49,0,69,69,89,4,12,27,18,7,1
88,軽空母,隼鷹,40,19,0,59,39,0,54,59,79,4,12,18,18,10,1
89,駆逐艦,朧,15,29,69,39,19,49,79,19,49,2,0,0,0,0,1
90,駆逐艦,漣,15,29,69,39,19,49,79,19,49,2,0,0,0,0,1
91,駆逐艦,朝潮,16,29,79,39,19,49,79,19,49,2,0,0,0,0,1
92,駆逐艦,大潮,16,29,69,39,19,49,79,19,49,2,0,0,0,0,1
93,駆逐艦,満潮,16,29,69,39,19,49,79,19,49,2,0,0,0,0,1
94,駆逐艦,荒潮,16,29,69,39,19,49,79,19,49,2,0,0,0,0,1
95,軽巡洋艦,球磨,25,49,89,59,29,59,79,39,49,2,1,1,0,0,1
96,軽巡洋艦,多摩,25,39,79,49,29,59,69,39,49,2,1,1,0,0,1
97,軽巡洋艦,木曾,25,39,79,49,29,59,69,39,49,2,1,1,0,0,1
98,水上機母艦,千歳,40,29,0,29,39,0,39,69,49,2,12,12,0,0,1
99,水上機母艦,千代田,40,29,0,29,39,0,39,69,49,2,12,12,0,0,1
100,水上機母艦,千歳改,41,29,29,29,39,0,44,69,49,3,12,6,6,0,1
101,水上機母艦,千代田改,41,29,29,29,39,0,44,69,49,3,12,6,6,0,1
102,水上機母艦,千歳甲,42,29,72,39,39,0,49,69,59,3,12,6,6,0,1
103,水上機母艦,千代田甲,42,29,72,39,39,0,49,69,59,3,12,6,6,0,1
104,軽空母,千歳航,47,19,0,49,39,0,67,69,59,3,21,9,6,0,1
105,軽空母,千代田航,47,19,0,49,39,0,67,69,59,3,21,9,6,0,1
106,正規空母,翔鶴,62,39,0,69,49,0,59,69,49,4,21,21,21,12,1
107,正規空母,瑞鶴,62,39,0,69,49,0,69,69,89,4,21,21,21,12,1
108,正規空母,瑞鶴改,75,39,0,79,72,0,79,89,89,4,24,24,24,12,1
109,軽巡洋艦,鬼怒,26,39,79,49,29,59,69,39,49,2,1,1,0,0,1
110,軽巡洋艦,阿武隈,27,39,79,49,29,59,69,39,49,2,1,1,0,0,1
111,軽巡洋艦,夕張,19,42,69,42,29,39,69,39,49,3,0,0,0,0,1
112,軽空母,瑞鳳,32,19,0,29,39,0,49,69,79,3,18,9,3,0,1
113,軽空母,瑞鳳改,45,29,0,39,59,0,59,79,89,4,18,12,12,6,1
114,重雷装巡洋艦,大井改二,43,63,139,49,63,79,83,43,49,3,0,0,0,0,1
115,重雷装巡洋艦,北上改二,43,63,139,49,63,79,83,43,79,3,0,0,0,0,1
116,重巡洋艦,三隈,40,59,69,59,59,0,62,39,49,3,2,2,2,0,1
117,航空巡洋艦,三隈改,50,76,69,59,71,0,69,59,69,4,5,6,5,8,1
118,駆逐艦,舞風,16,29,69,39,19,49,79,19,49,2,0,0,0,0,1
119,重巡洋艦,衣笠,37,54,59,59,37,0,69,39,69,3,2,2,2,0,1
120,重巡洋艦,鈴谷,40,59,69,59,59,0,62,39,49,3,2,2,2,0,1
121,重巡洋艦,熊野,40,59,69,59,59,0,62,39,49,3,2,2,2,0,1
122,潜水艦,伊168,10,7,59,0,17,0,39,29,49,1,0,0,0,0,1
123,潜水艦,伊58,14,9,69,0,19,0,36,39,79,1,0,0,0,0,1
124,潜水艦,伊8,15,9,69,0,19,0,37,39,59,1,0,0,0,0,1
125,航空巡洋艦,鈴谷改,50,75,69,59,72,0,69,59,69,4,5,6,5,6,1
126,航空巡洋艦,熊野改,50,75,69,59,72,0,69,59,69,4,5,6,5,6,1
127,戦艦,大和,93,129,0,94,108,0,59,39,79,4,7,7,7,7,1
128,駆逐艦,秋雲,16,29,69,39,19,49,79,19,49,2,0,0,0,0,1
129,駆逐艦,夕雲,16,30,69,39,19,52,80,19,49,2,0,0,0,0,1
130,駆逐艦,巻雲,16,30,69,39,19,52,80,19,49,2,0,0,0,0,1
131,駆逐艦,長波,16,30,69,39,19,52,80,19,49,2,0,0,0,0,1
132,戦艦,大和改,96,139,0,104,118,0,64,39,79,4,7,7,7,7,1
133,軽巡洋艦,阿賀野,30,42,72,60,32,70,72,45,49,3,2,2,2,0,1
134,軽巡洋艦,能代,30,42,72,60,32,70,72,45,49,3,2,2,2,0,1
135,軽巡洋艦,矢矧,31,42,72,63,33,70,72,45,59,3,2,2,2,0,1
136,軽巡洋艦,酒匂,31,41,71,62,32,72,72,45,49,3,2,2,2,0,1
137,軽巡洋艦,五十鈴改二,44,59,79,84,69,94,79,59,67,3,0,0,0,0,1
138,重巡洋艦,衣笠改二,53,78,74,66,73,0,79,54,65,4,2,2,2,2,1
139,戦艦,武蔵,94,129,0,94,108,0,59,40,79,4,7,7,7,7,1
140,駆逐艦,夕立改二,31,73,93,59,52,69,89,49,59,3,0,0,0,0,1
141,駆逐艦,時雨改二,31,59,84,72,52,71,93,43,88,3,0,0,0,0,1
142,重雷装巡洋艦,木曾改二,44,64,110,72,65,82,84,49,69,3,0,0,0,0,1
143,駆逐艦,Верный,37,54,89,59,57,74,89,44,77,3,0,0,0,0,1
144,戦艦,武蔵改,97,139,0,99,119,0,63,40,79,4,7,7,7,7,1
145,巡洋戦艦,金剛改二,82,98,0,84,94,0,72,49,79,4,3,3,3,3,1
146,巡洋戦艦,比叡改二,83,98,0,82,95,0,72,49,79,4,3,3,3,3,1
147,巡洋戦艦,榛名改二,81,96,0,92,93,0,74,49,89,4,3,3,3,3,1
148,巡洋戦艦,霧島改二,82,104,0,82,92,0,72,49,79,4,3,3,3,3,1
149,装甲空母,大鳳,67,49,0,79,79,0,57,74,19,4,18,18,18,7,1
150,練習巡洋艦,香取,36,28,28,42,27,42,49,38,49,3,1,1,1,0,1
151,潜水空母,伊401,20,9,72,0,24,0,35,45,59,1,3,0,0,0,1
152,装甲空母,大鳳改,70,59,0,86,84,0,59,77,39,4,30,24,24,8,1
153,軽空母,龍驤改二,50,40,0,48,62,0,69,79,59,4,18,28,6,3,1
154,軽巡洋艦,川内改二,48,67,89,70,69,74,84,55,80,3,1,1,1,0,1
155,軽巡洋艦,神通改二,50,71,98,68,69,80,80,54,79,3,1,1,1,0,1
156,軽巡洋艦,那珂改二,48,68,84,73,68,84,82,54,84,3,1,1,1,0,1
157,揚陸艦,あきつ丸,38,19,0,29,33,0,39,13,39,2,0,0,0,0,1
158,潜水艦,まるゆ,6,3,9,0,9,0,19,9,77,0,0,0,0,0,1
159,駆逐艦,弥生,13,29,49,29,18,39,69,17,49,2,0,0,0,0,1
160,駆逐艦,卯月,13,29,49,29,18,39,69,17,49,2,0,0,0,0,1
161,揚陸艦,あきつ丸改,40,33,0,37,43,0,49,59,49,3,8,8,8,0,1
162,駆逐艦,磯風,16,29,69,44,19,49,79,19,54,2,0,0,0,0,1
163,駆逐艦,浦風,16,29,69,40,19,49,79,19,49,2,0,0,0,0,1
164,駆逐艦,谷風,16,29,69,40,19,49,79,19,49,2,0,0,0,0,1
165,駆逐艦,浜風,16,29,69,42,19,49,79,19,49,2,0,0,0,0,1
166,巡洋戦艦,Bismarck,90,88,0,48,83,0,63,42,69,4,4,4,4,4,1
167,巡洋戦艦,Bismarck改,94,93,0,58,93,0,69,52,79,4,4,4,4,4,1
168,巡洋戦艦,Bismarck zwei,96,97,0,62,94,0,72,54,82,4,4,4,4,4,1
169,駆逐艦,Z1,18,26,60,42,22,64,76,24,39,3,0,0,0,0,1
170,駆逐艦,Z3,18,26,60,42,22,64,76,24,39,3,0,0,0,0,1
171,重巡洋艦,Prinz Eugen,50,56,64,44,64,0,68,40,79,3,3,3,3,0,1
172,重巡洋艦,Prinz Eugen改,63,75,84,60,82,0,74,50,89,4,3,3,3,3,1
173,巡洋戦艦,Bismarck drei,96,99,36,70,95,0,74,59,84,4,4,4,4,4,1
174,駆逐艦,Z1 zwei,35,49,71,64,53,69,84,43,49,3,0,0,0,0,1
175,駆逐艦,Z3 zwei,35,47,71,68,53,69,84,43,49,3,0,0,0,0,1
176,駆逐艦,天津風,18,29,79,53,25,54,89,19,59,3,0,0,0,0,1
177,工作艦,明石,39,14,0,24,19,0,29,5,39,3,0,0,0,0,1
178,軽巡洋艦,大淀,34,48,39,62,34,39,70,80,69,3,0,6,6,0,1
179,潜水母艦,大鯨,39,15,0,36,37,0,39,48,59,3,2,3,3,0,1
180,軽空母,龍鳳,39,20,0,48,38,0,49,64,69,3,18,7,6,0,1
181,駆逐艦,時津風,16,29,69,40,19,49,79,19,49,2,0,0,0,0,1
182,工作艦,明石改,45,24,0,36,27,0,39,6,49,4,0,0,0,0,1
183,航空巡洋艦,利根改二,59,77,82,82,79,0,79,90,69,4,2,2,9,5,1
184,航空巡洋艦,筑摩改二,58,77,83,83,79,0,79,90,67,4,2,2,9,5,1
185,駆逐艦,初風,16,29,69,39,19,49,79,19,49,2,0,0,0,0,1
186,潜水艦,伊19,14,9,79,0,18,0,36,39,49,1,0,0,0,0,1
187,重巡洋艦,那智改二,56,80,84,83,78,0,83,60,70,4,2,2,4,4,1
188,重巡洋艦,足柄改二,56,82,84,74,79,0,83,57,72,4,2,2,4,4,1
189,重巡洋艦,羽黒改二,57,84,84,72,77,0,84,58,70,4,2,2,4,4,1
190,駆逐艦,綾波改二,32,72,88,52,54,63,90,49,84,3,0,0,0,0,1
191,正規空母,飛龍改二,67,64,0,82,76,0,82,89,92,4,18,36,22,3,1
192,正規空母,蒼龍改二,67,57,0,84,75,0,74,90,59,4,18,35,20,6,1
193,駆逐艦,大潮改二,31,67,90,62,51,64,90,54,69,3,0,0,0,0,1
194,軽巡洋艦,阿武隈改二,45,56,94,78,68,82,83,60,74,3,1,1,1,0,1
195,駆逐艦,吹雪改,30,49,79,49,49,59,89,39,49,3,0,0,0,0,1
196,駆逐艦,白雪改,30,49,79,49,49,59,89,39,49,3,0,0,0,0,1
197,駆逐艦,初雪改,30,49,79,49,49,59,89,39,49,3,0,0,0,0,1
198,駆逐艦,深雪改,30,49,79,49,49,59,89,39,49,3,0,0,0,0,1
199,駆逐艦,叢雲改,30,49,79,49,49,59,89,39,49,3,0,0,0,0,1
200,駆逐艦,磯波改,30,49,79,49,49,59,89,39,49,3,0,0,0,0,1
201,駆逐艦,綾波改,30,49,79,49,49,59,89,39,49,3,0,0,0,0,1
202,駆逐艦,敷波改,30,49,79,49,49,59,89,39,49,3,0,0,0,0,1
203,巡洋戦艦,金剛改,75,94,0,79,89,0,69,49,69,4,3,3,3,3,1
204,巡洋戦艦,比叡改,75,94,0,79,89,0,69,49,69,4,3,3,3,3,1
205,巡洋戦艦,榛名改,75,94,0,79,89,0,69,49,69,4,3,3,3,3,1
206,巡洋戦艦,霧島改,75,94,0,79,89,0,69,49,69,4,3,3,3,3,1
207,軽巡洋艦,天龍改,40,59,79,49,59,69,79,49,59,3,0,0,0,0,1
208,軽巡洋艦,龍田改,40,59,79,49,59,69,79,49,59,3,0,0,0,0,1
209,軽巡洋艦,球磨改,42,69,89,69,69,79,79,49,59,3,1,1,1,0,1
210,軽巡洋艦,多摩改,42,59,79,59,59,79,79,49,59,3,1,1,1,0,1
211,軽巡洋艦,木曾改,42,59,79,59,59,79,79,49,59,3,1,1,1,0,1
212,軽巡洋艦,長良改,43,69,89,69,69,79,79,49,59,3,1,1,1,0,1
213,軽巡洋艦,五十鈴改,37,59,79,59,59,79,79,49,59,3,1,1,1,0,1
214,軽巡洋艦,由良改,43,59,79,59,59,79,79,49,59,3,1,1,1,0,1
215,軽巡洋艦,名取改,43,69,89,59,59,79,79,49,59,3,1,1,1,0,1
216,軽巡洋艦,川内改,44,59,79,69,69,79,79,49,59,3,1,1,1,0,1
217,軽巡洋艦,神通改,44,59,79,59,59,79,79,49,59,3,1,1,1,0,1
218,軽巡洋艦,那珂改,44,59,79,59,59,79,79,49,59,3,1,1,1,0,1
219,駆逐艦,陽炎改,32,49,79,49,49,59,89,39,59,3,0,0,0,0,1
220,駆逐艦,不知火改,32,49,79,49,49,59,89,39,59,3,0,0,0,0,1
221,駆逐艦,黒潮改,32,49,79,49,49,59,89,39,59,3,0,0,0,0,1
222,駆逐艦,雪風改,32,59,89,59,59,59,99,39,99,3,0,0,0,0,1
223,駆逐艦,島風改,36,59,99,59,59,59,99,39,59,3,0,0,0,0,1
224,駆逐艦,朧改,30,49,79,49,49,59,89,39,59,3,0,0,0,0,1
225,駆逐艦,曙改,30,49,79,49,49,59,89,39,59,3,0,0,0,0,1
226,駆逐艦,漣改,30,49,79,49,49,59,89,39,59,3,0,0,0,0,1
227,駆逐艦,潮改,30,49,79,49,49,59,89,39,79,3,0,0,0,0,1
228,駆逐艦,暁改,30,49,79,49,49,59,89,39,59,3,0,0,0,0,1
229,駆逐艦,響改,30,49,79,49,49,59,89,39,59,3,0,0,0,0,1
230,駆逐艦,雷改,30,49,79,49,49,59,89,39,59,3,0,0,0,0,1
231,駆逐艦,電改,30,49,79,49,49,59,89,39,59,3,0,0,0,0,1
232,駆逐艦,初春改,30,49,79,49,49,59,89,39,59,3,0,0,0,0,1
233,駆逐艦,子日改,30,49,79,49,49,59,89,39,59,3,0,0,0,0,1
234,駆逐艦,若葉改,30,49,79,49,49,59,89,39,59,3,0,0,0,0,1
235,駆逐艦,初霜改,30,49,79,49,49,59,89,39,59,3,0,0,0,0,1
236,駆逐艦,白露改,30,49,79,49,49,59,89,39,59,3,0,0,0,0,1
237,駆逐艦,時雨改,30,49,79,49,49,59,89,39,59,3,0,0,0,0,1
238,駆逐艦,村雨改,30,49,79,49,49,59,89,39,59,3,0,0,0,0,1
239,駆逐艦,夕立改,30,49,79,49,49,59,89,39,59,3,0,0,0,0,1
240,駆逐艦,五月雨改,30,49,79,49,49,59,89,39,59,3,0,0,0,0,1
241,駆逐艦,涼風改,30,49,79,49,49,59,89,39,59,3,0,0,0,0,1
242,駆逐艦,朝潮改,31,49,79,49,49,59,89,39,59,3,0,0,0,0,1
243,駆逐艦,大潮改,31,49,79,49,49,59,89,39,59,3,0,0,0,0,1
244,駆逐艦,満潮改,31,49,79,49,49,59,89,39,59,3,0,0,0,0,1
245,駆逐艦,荒潮改,31,49,79,49,49,59,89,39,59,3,0,0,0,0,1
246,駆逐艦,霰改,31,49,79,49,49,59,89,39,59,3,0,0,0,0,1
247,駆逐艦,霞改,31,49,79,49,49,59,89,39,79,3,0,0,0,0,1
248,駆逐艦,睦月改,24,39,69,39,39,59,89,39,59,3,0,0,0,0,1
249,駆逐艦,如月改,24,39,69,39,39,59,89,39,59,3,0,0,0,0,1
250,駆逐艦,皐月改,24,39,69,39,39,59,89,39,59,3,0,0,0,0,1
251,駆逐艦,文月改,24,39,69,39,39,59,89,39,59,3,0,0,0,0,1
252,駆逐艦,長月改,24,39,69,39,39,59,89,39,79,3,0,0,0,0,1
253,駆逐艦,菊月改,24,39,69,39,39,59,89,39,59,3,0,0,0,0,1
254,駆逐艦,三日月改,24,39,69,39,39,59,89,39,59,3,0,0,0,0,1
255,駆逐艦,望月改,24,39,69,39,39,59,89,39,59,3,0,0,0,0,1
256,重巡洋艦,古鷹改,48,70,59,59,70,0,75,49,59,4,2,2,2,2,1
257,重巡洋艦,加古改,48,70,59,59,70,0,75,49,59,4,2,2,2,2,1
258,重巡洋艦,青葉改,49,72,59,59,70,0,75,49,79,4,2,2,2,2,1
259,重巡洋艦,妙高改,55,76,79,69,73,0,79,49,59,4,2,2,2,2,1
260,重巡洋艦,那智改,55,76,69,69,73,0,79,49,59,4,2,2,2,2,1
261,重巡洋艦,足柄改,55,77,69,69,73,0,79,49,59,4,2,2,2,2,1
262,重巡洋艦,羽黒改,55,77,69,69,73,0,79,49,59,4,2,2,2,2,1
263,重巡洋艦,高雄改,57,77,79,69,75,0,79,49,59,4,2,2,2,2,1
264,重巡洋艦,愛宕改,57,77,79,69,75,0,79,49,59,4,2,2,2,2,1
265,重巡洋艦,摩耶改,55,78,69,89,75,0,79,49,59,4,2,2,2,2,1
266,重巡洋艦,鳥海改,57,78,69,69,75,0,79,49,59,4,2,2,2,2,1
267,重巡洋艦,利根改,56,76,79,79,77,0,79,79,59,4,4,4,4,4,1
268,重巡洋艦,筑摩改,56,76,79,79,77,0,79,79,59,4,4,4,4,4,1
269,戦艦,長門改,90,99,0,99,98,0,69,49,99,4,3,3,3,3,1
270,戦艦,陸奥改,90,99,0,99,98,0,69,49,59,4,3,3,3,3,1
271,正規空母,赤城改,77,54,0,79,79,0,69,89,59,4,20,20,32,10,1
272,正規空母,加賀改,79,49,0,79,79,0,69,89,59,4,20,20,46,12,1
273,正規空母,蒼龍改,65,39,0,79,69,0,69,89,59,4,18,27,18,10,1
274,正規空母,飛龍改,65,39,0,79,69,0,79,89,89,4,18,27,18,10,1
275,軽空母,龍驤改,45,29,0,39,59,0,59,79,59,4,9,24,5,5,1
276,軽空母,祥鳳改,45,29,0,39,59,0,59,79,59,4,18,12,12,6,1
277,軽空母,飛鷹改,50,29,0,69,59,0,69,79,59,4,18,18,18,12,1
278,軽空母,隼鷹改,50,29,0,69,59,0,69,79,79,4,18,18,18,12,1
279,軽空母,鳳翔改,40,29,0,39,49,0,59,79,79,3,14,16,12,0,1
280,航空戦艦,扶桑改,75,79,0,89,89,0,67,49,59,4,10,10,10,10,1
281,航空戦艦,山城改,75,79,0,89,89,0,67,49,59,4,10,10,10,10,1
282,正規空母,翔鶴改,75,39,0,79,72,0,79,89,89,4,24,24,24,12,1
283,軽巡洋艦,鬼怒改,41,59,79,59,59,79,79,49,59,3,1,1,1,0,1
284,軽巡洋艦,阿武隈改,42,59,79,59,59,79,79,49,59,3,1,1,1,0,1
285,軽空母,千歳航改,57,34,0,69,64,0,69,79,59,4,24,16,8,8,1
286,軽空母,千代田航改,57,34,0,69,64,0,69,79,59,4,24,16,8,8,1
287,軽巡洋艦,夕張改,36,63,79,69,49,69,69,44,69,4,0,0,0,0,1
288,駆逐艦,舞風改,32,49,79,49,49,68,89,39,59,3,0,0,0,0,1
289,重巡洋艦,衣笠改,49,66,59,59,64,0,75,49,59,4,2,2,2,2,1
290,軽空母,千歳航改二,58,34,0,72,65,0,69,79,59,4,24,16,11,8,1
291,軽空母,千代田航改二,58,34,0,72,65,0,69,79,59,4,24,16,11,8,1
292,駆逐艦,初風改,32,49,79,49,49,64,89,39,59,3,0,0,0,0,1
293,駆逐艦,秋雲改,32,44,79,59,49,64,89,39,59,3,0,0,0,0,1
294,駆逐艦,夕雲改,32,50,80,50,49,67,90,42,59,3,0,0,0,0,1
295,駆逐艦,巻雲改,32,50,80,50,49,67,90,42,59,3,0,0,0,0,1
296,駆逐艦,長波改,32,50,80,50,49,67,90,42,59,3,0,0,0,0,1
297,軽巡洋艦,阿賀野改,45,67,79,73,69,82,80,59,59,3,2,2,2,0,1
298,軽巡洋艦,能代改,45,68,79,72,69,82,80,59,64,3,2,2,2,0,1
299,軽巡洋艦,矢矧改,47,70,79,74,69,82,84,59,69,3,2,2,2,0,1
300,駆逐艦,弥生改,24,39,69,39,39,59,89,39,59,3,0,0,0,0,1
301,駆逐艦,卯月改,24,34,69,49,39,65,89,39,59,3,0,0,0,0,1
302,駆逐艦,Z1改,33,45,70,45,45,69,79,42,49,3,0,0,0,0,1
303,駆逐艦,Z3改,33,45,70,45,45,69,79,42,49,3,0,0,0,0,1
304,駆逐艦,浜風改,32,48,79,60,49,68,88,39,59,3,0,0,0,0,1
305,駆逐艦,谷風改,32,48,79,49,49,69,88,39,59,3,0,0,0,0,1
306,軽巡洋艦,酒匂改,46,65,78,73,69,84,80,59,74,3,2,2,2,0,1
307,駆逐艦,天津風改,34,49,84,63,61,59,94,39,69,3,0,0,0,0,1
308,駆逐艦,浦風改,32,48,79,49,49,69,88,39,59,3,0,0,0,0,1
309,軽空母,龍鳳改,48,32,0,62,57,0,62,74,79,4,21,9,9,6,1
310,重巡洋艦,妙高改二,56,80,88,80,78,0,85,59,79,4,2,2,4,4,1
311,駆逐艦,磯風改,33,48,79,64,49,68,88,49,81,3,0,0,0,0,1
312,軽巡洋艦,大淀改,47,70,49,74,68,39,78,84,79,4,0,6,6,0,1
313,駆逐艦,時津風改,32,48,79,49,49,64,88,39,59,3,0,0,0,0,1
314,駆逐艦,春雨改,30,49,79,49,49,59,89,39,59,3,0,0,0,0,1
315,駆逐艦,早霜改,32,50,80,50,49,67,90,42,59,3,0,0,0,0,1
316,駆逐艦,清霜改,32,50,80,50,49,67,90,42,59,3,0,0,0,0,1
317,駆逐艦,初春改二,31,54,90,73,51,69,90,45,59,3,0,0,0,0,1
318,駆逐艦,朝雲改,31,49,79,49,49,59,89,39,59,3,0,0,0,0,1
319,駆逐艦,山雲改,31,49,79,49,48,64,89,39,58,3,0,0,0,0,1
320,駆逐艦,野分改,32,48,79,49,49,68,88,39,59,3,0,0,0,0,1
321,駆逐艦,秋月改,37,57,54,116,53,72,88,49,69,3,0,0,0,0,1
322,正規空母,天城,48,25,0,72,51,0,59,74,59,4,18,24,3,6,1
323,正規空母,葛城,48,25,0,72,52,0,59,70,69,4,18,24,3,6,1
324,潜水艦,U-511改,13,12,64,0,20,0,59,29,67,2,0,0,0,0,1
325,練習巡洋艦,香取改,40,36,40,48,39,62,52,48,54,4,2,2,2,2,1
326,駆逐艦,朝霜改,33,47,78,62,49,79,92,43,68,3,0,0,0,0,1
327,駆逐艦,高波改,32,50,80,50,49,67,90,52,57,3,0,0,0,0,1
328,駆逐艦,照月改,37,58,56,114,52,72,87,49,59,3,0,0,0,0,1
329,駆逐艦,Libeccio改,29,48,72,59,50,80,92,46,69,3,0,0,0,0,1
330,水上機母艦,瑞穂改,42,45,72,44,48,0,42,94,54,3,12,12,8,0,1
331,駆逐艦,風雲改,32,50,81,51,49,69,90,42,69,3,0,0,0,0,1
332,駆逐艦,海風改,30,49,79,50,49,63,89,40,64,3,0,0,0,0,1
333,駆逐艦,江風改,30,49,80,49,49,59,89,40,59,3,0,0,0,0,1
334,補給艦,速吸改,48,36,0,48,19,36,33,59,44,3,6,3,1,0,1
335,正規空母,Graf Zeppelin改,78,50,0,80,80,0,69,74,47,4,30,13,10,3,1
336,駆逐艦,嵐改,32,49,79,49,49,70,87,39,63,3,0,0,0,0,1
337,駆逐艦,萩風改,32,50,79,49,49,68,87,39,63,3,0,0,0,0,1
338,練習巡洋艦,鹿島改,40,37,39,62,39,69,54,50,79,4,2,2,2,2,1
339,駆逐艦,初月改,37,60,54,110,54,72,89,49,71,3,0,0,0,0,1
340,重巡洋艦,Zara改,56,75,40,72,78,0,72,46,56,4,2,2,2,2,1
341,駆逐艦,沖波改,32,50,81,50,49,70,90,42,59,3,0,0,0,0,1
342,巡洋戦艦,Iowa改,92,115,0,120,107,0,70,70,99,4,4,4,4,4,1
343,重巡洋艦,Pola改,56,77,44,73,77,0,71,47,57,4,2,2,2,2,1
344,駆逐艦,親潮改,32,50,78,48,49,67,87,40,64,3,0,0,0,0,1
345,駆逐艦,春風改,23,38,68,56,38,72,90,45,89,3,0,0,0,0,1
346,戦艦,Warspite改,82,106,0,98,93,0,66,58,109,4,3,3,3,3,1
347,正規空母,Aquila改,48,24,0,72,57,0,72,72,37,4,15,26,15,10,1
348,駆逐艦,水無月改,24,39,69,39,39,61,89,39,66,3,0,0,0,0,1
349,潜水空母,伊26改,18,12,86,0,19,0,52,41,66,2,1,1,0,0,1
350,駆逐艦,浦波改,30,49,79,54,49,59,93,43,67,3,0,0,0,0,1
351,駆逐艦,山風改,30,51,82,49,48,69,88,42,59,3,0,0,0,0,1
352,駆逐艦,朝風改,23,42,69,52,37,68,88,47,88,3,0,0,0,0,1
353,駆逐艦,松風改,23,39,68,50,37,70,87,47,84,3,0,0,0,0,1
354,水上機母艦,Commandant Teste改,43,58,0,48,56,0,44,88,88,4,12,12,7,7,1
355,駆逐艦,藤波改,32,52,79,58,49,-1,-1,-1,57,3,0,0,0,0,1
356,潜水空母,伊13改,21,16,72,0,22,0,47,43,48,3,2,1,0,0,1
357,潜水空母,伊14改,22,12,68,0,23,0,53,44,77,3,2,1,0,0,1
358,潜水艦,伊168改,15,11,69,0,18,0,49,29,49,2,0,0,0,0,1
359,潜水空母,伊58改,18,12,84,0,19,0,49,39,79,2,1,1,0,0,1
360,潜水空母,伊8改,19,14,84,0,19,0,49,39,69,2,1,1,0,0,1
361,潜水空母,伊19改,18,12,89,0,19,0,49,39,59,2,1,1,0,0,1
362,潜水艦,まるゆ改,7,5,19,0,11,0,29,19,77,1,0,0,0,0,1
363,潜水空母,伊401改,24,19,80,0,24,0,44,45,59,2,3,3,0,0,1
364,正規空母,雲龍,48,27,0,72,52,0,59,72,49,4,18,24,3,6,1
365,駆逐艦,春雨,16,29,69,39,19,49,79,19,49,2,0,0,0,0,1
366,正規空母,雲龍改,60,48,0,78,77,0,72,82,59,4,18,21,27,3,1
367,駆逐艦,潮改二,33,53,80,76,56,75,95,48,83,3,0,0,0,0,1
368,軽空母,隼鷹改二,55,40,0,74,62,0,84,79,84,4,24,18,20,4,1
369,駆逐艦,早霜,16,30,69,39,19,52,80,19,49,2,0,0,0,0,1
370,駆逐艦,清霜,16,30,69,39,19,52,80,19,49,2,0,0,0,0,1
371,航空戦艦,扶桑改二,77,99,0,88,90,0,69,59,69,4,4,4,9,23,1
372,航空戦艦,山城改二,77,98,0,87,91,0,69,59,70,4,4,4,9,23,1
373,駆逐艦,朝雲,16,29,69,39,19,49,79,19,49,2,0,0,0,0,1
374,駆逐艦,山雲,16,29,69,39,19,50,79,19,49,2,0,0,0,0,1
375,駆逐艦,野分,16,29,69,44,19,49,79,19,49,2,0,0,0,0,1
376,重巡洋艦,古鷹改二,53,77,75,64,72,0,77,54,64,4,2,2,2,2,1
377,重巡洋艦,加古改二,52,78,77,65,72,0,76,55,62,4,2,2,2,2,1
378,駆逐艦,皐月改二,28,42,78,82,45,81,96,45,79,3,0,0,0,0,1
379,駆逐艦,初霜改二,32,55,84,81,51,69,94,48,100,3,0,0,0,0,1
380,駆逐艦,叢雲改二,31,57,89,74,50,69,90,42,57,3,0,0,0,0,1
381,駆逐艦,秋月,20,48,48,104,27,63,84,29,59,3,0,0,0,0,1
382,駆逐艦,照月,20,49,49,103,26,63,83,29,49,3,0,0,0,0,1
383,駆逐艦,初月,20,50,47,101,28,62,85,28,47,3,0,0,0,0,1
384,駆逐艦,高波,16,30,69,39,19,52,80,24,44,2,0,0,0,0,1
385,駆逐艦,朝霜,16,29,68,44,19,70,80,19,59,2,0,0,0,0,1
386,駆逐艦,吹雪改二,31,59,88,78,50,68,92,54,77,3,0,0,0,0,1
387,重巡洋艦,鳥海改二,57,85,86,70,78,0,80,62,68,4,3,3,3,3,1
388,重巡洋艦,摩耶改二,57,77,84,106,78,0,81,55,64,4,3,3,3,3,1
389,正規空母,天城改,60,45,0,79,76,0,73,80,69,4,18,21,27,3,1
390,正規空母,葛城改,60,45,0,78,78,0,75,78,79,4,18,21,27,3,1
391,潜水艦,U-511,8,8,58,0,16,0,44,28,63,1,0,0,0,0,1
392,正規空母,Graf Zeppelin,70,40,0,70,57,0,49,69,39,3,20,13,10,0,1
393,正規空母,Saratoga,83,45,0,73,63,-1,-1,-1,75,4,27,19,19,15,1
394,駆逐艦,睦月改二,27,45,79,56,43,69,90,43,64,3,0,0,0,0,1
395,駆逐艦,如月改二,27,46,80,57,43,69,91,44,60,3,0,0,0,0,1
396,潜水艦,呂500,13,13,69,0,21,0,68,34,77,2,0,0,0,0,1
397,駆逐艦,暁改二,31,62,90,59,50,66,89,60,67,3,0,0,0,0,1
398,正規空母,Saratoga改,88,53,0,93,83,0,53,80,85,4,36,18,18,18,1
399,戦艦,Warspite,72,92,0,88,91,0,54,48,89,4,3,3,3,3,1
400,巡洋戦艦,Iowa,84,105,0,96,95,0,67,64,89,4,4,4,4,4,1
401,巡洋戦艦,Littorio,88,97,0,72,86,0,54,44,69,4,3,3,3,3,1
402,巡洋戦艦,Roma,88,98,0,74,85,0,52,46,39,4,3,3,3,3,1
403,駆逐艦,Libeccio,15,27,58,41,18,60,82,20,59,2,0,0,0,0,1
404,正規空母,Aquila,38,14,0,48,38,0,58,52,29,3,10,26,15,0,1
405,水上機母艦,秋津洲,32,18,0,36,25,0,57,42,59,2,1,1,0,0,1
406,巡洋戦艦,Italia,92,102,0,90,92,0,76,52,79,4,3,3,3,3,1
407,巡洋戦艦,Roma改,92,105,0,94,90,0,71,52,57,4,3,3,3,3,1
408,重巡洋艦,Zara,42,58,28,62,54,0,59,36,48,3,2,2,2,0,1
409,重巡洋艦,Pola,42,59,32,64,53,0,58,35,49,3,2,2,2,0,1
410,水上機母艦,秋津洲改,36,28,0,44,42,0,64,54,72,3,1,1,1,0,1
411,水上機母艦,瑞穂,41,36,32,32,42,0,37,74,39,2,12,12,0,0,1
412,駆逐艦,沖波,16,30,69,38,19,53,80,21,49,2,0,0,0,0,1
413,駆逐艦,風雲,16,30,70,40,19,52,80,19,54,2,0,0,0,0,1
414,駆逐艦,嵐,16,29,69,39,19,62,79,19,49,2,0,0,0,0,1
415,駆逐艦,萩風,16,30,69,39,19,59,79,19,49,2,0,0,0,0,1
416,駆逐艦,親潮,16,30,68,37,19,47,79,19,50,2,0,0,0,0,1
417,駆逐艦,山風,16,31,69,38,19,42,77,18,39,2,0,0,0,0,1
418,駆逐艦,海風,16,29,69,40,19,50,79,19,49,2,0,0,0,0,1
419,駆逐艦,江風,16,29,70,39,19,49,79,19,49,2,0,0,0,0,1
420,補給艦,速吸,43,22,0,32,15,20,28,40,39,2,6,1,0,0,1
421,正規空母,翔鶴改二,77,63,0,88,77,0,84,93,97,4,27,27,27,12,1
422,正規空母,瑞鶴改二,78,56,0,90,78,0,89,92,99,4,28,26,26,13,1
423,駆逐艦,朝潮改二,31,68,92,60,52,59,90,56,70,3,0,0,0,0,1
424,駆逐艦,霞改二,31,63,92,72,50,68,90,54,97,3,0,0,0,0,1
425,練習巡洋艦,鹿島,36,27,24,46,27,43,51,36,69,3,1,1,1,0,1
426,装甲空母,翔鶴改二甲,78,70,0,88,83,0,81,90,97,4,34,21,12,9,1
427,装甲空母,瑞鶴改二甲,79,65,0,90,84,0,85,90,99,4,34,24,12,6,1
428,駆逐艦,朝潮改二丁,34,52,86,74,55,89,88,55,70,3,0,0,0,0,1
429,駆逐艦,江風改二,31,62,96,64,51,63,89,53,75,3,0,0,0,0,1
430,駆逐艦,霞改二乙,31,59,83,80,52,68,92,55,97,3,0,0,0,0,1
431,駆逐艦,神風,12,28,36,26,17,60,80,18,79,2,0,0,0,0,1
432,駆逐艦,朝風,12,29,37,27,17,55,72,19,72,2,0,0,0,0,1
433,駆逐艦,春風,12,27,36,28,17,56,74,17,74,2,0,0,0,0,1
434,駆逐艦,松風,12,28,38,25,17,62,73,18,70,2,0,0,0,0,1
435,駆逐艦,神風改,23,41,68,48,38,70,98,42,99,3,0,0,0,0,1
436,駆逐艦,水無月,13,29,49,29,18,41,69,17,53,2,0,0,0,0,1
437,潜水艦,伊26,14,9,75,0,18,0,37,39,51,1,0,0,0,0,1
438,駆逐艦,藤波,16,31,69,42,19,-1,-1,-1,49,2,0,0,0,0,1
439,駆逐艦,浦波,15,29,69,39,19,-1,-1,-1,54,2,0,0,0,0,1
440,軽巡洋艦,鬼怒改二,45,55,82,83,68,85,82,60,72,3,1,1,1,0,1
441,駆逐艦,荒潮改二,31,69,88,70,52,59,90,52,71,3,0,0,0,0,1
442,水上機母艦,Commandant Teste,42,48,0,40,50,-1,-1,-1,79,3,12,7,7,0,1
443,潜水空母,伊13,18,9,68,0,22,0,36,43,39,2,2,0,0,0,1
444,潜水空母,伊14,18,9,66,0,22,0,39,44,64,2,2,0,0,0,1
445,重巡洋艦,Zara due,62,87,48,90,88,0,73,64,70,4,6,3,3,3,1
446,駆逐艦,駆逐イ級,20,5,15,6,5,25,14,3,1,2,0,0,0,0,0
447,駆逐艦,駆逐ロ級,22,7,16,7,6,25,15,3,1,2,0,0,0,0,0
448,駆逐艦,駆逐ハ級,24,6,16,6,7,30,16,4,1,2,0,0,0,0,0
449,駆逐艦,駆逐ニ級,28,8,24,8,9,35,18,4,5,2,0,0,0,0,0
450,軽巡洋艦,軽巡ホ級,33,14,24,10,15,30,15,6,1,2,1,1,0,0,0
451,軽巡洋艦,軽巡ヘ級,36,16,28,12,18,40,15,6,1,2,1,1,0,0,0
452,軽巡洋艦,軽巡ト級,39,24,28,12,20,50,15,6,5,3,2,2,2,0,0
453,重雷装巡洋艦,雷巡チ級,48,18,48,10,22,30,18,4,5,3,2,2,2,0,0
454,重巡洋艦,重巡リ級,58,32,32,16,28,0,12,10,1,3,3,3,3,0,0
455,軽空母,軽母ヌ級,65,0,0,15,25,0,3,30,1,3,18,18,18,0,0
456,戦艦,戦艦ル級,90,65,0,70,70,0,3,20,5,3,3,3,3,0,0
457,正規空母,空母ヲ級,85,0,0,30,40,0,3,40,1,3,27,27,27,0,0
458,補給艦,輸送ワ級,70,0,0,0,10,0,1,0,1,0,0,0,0,0,0
459,駆逐艦,駆逐イ級,30,15,32,10,12,35,30,6,10,2,0,0,0,0,0
460,駆逐艦,駆逐ロ級,35,20,32,12,14,35,30,6,10,2,0,0,0,0,0
461,駆逐艦,駆逐ハ級,40,15,32,14,16,40,35,7,10,2,0,0,0,0,0
462,駆逐艦,駆逐ニ級,45,20,40,18,18,45,40,7,10,2,0,0,0,0,0
463,軽巡洋艦,軽巡ホ級,48,30,40,20,30,40,24,6,10,2,1,1,0,0,0
464,軽巡洋艦,軽巡ヘ級,52,34,48,23,32,45,26,6,10,2,1,1,0,0,0
465,軽巡洋艦,軽巡ト級,55,36,48,24,36,50,28,6,10,3,2,2,2,0,0
466,重雷装巡洋艦,雷巡チ級,50,35,72,20,34,40,30,10,10,3,2,2,2,0,0
467,重巡洋艦,重巡リ級,60,58,42,30,60,0,20,15,10,4,3,3,3,3,0
468,軽空母,軽母ヌ級,70,0,0,15,35,0,10,30,10,3,24,24,24,0,0
469,戦艦,戦艦ル級,90,85,0,70,85,0,16,20,10,4,3,3,3,3,0
470,正規空母,空母ヲ級,88,0,0,40,55,0,12,50,10,3,30,30,30,0,0
471,補給艦,輸送ワ級,80,15,0,0,35,0,6,0,10,3,0,0,0,0,0
472,重巡洋艦,重巡リ級,76,68,48,40,70,0,50,20,20,4,4,4,4,4,0
473,正規空母,空母ヲ級,96,25,0,50,80,0,45,50,20,3,32,32,32,0,0
474,戦艦,戦艦ル級,98,90,0,80,99,0,40,30,20,4,5,5,5,5,0
475,潜水艦,潜水カ級,19,0,42,0,7,0,1,6,1,2,0,0,0,0,0
476,潜水艦,潜水ヨ級,24,0,52,0,9,0,1,7,5,2,0,0,0,0,0
477,潜水艦,潜水カ級,27,0,64,0,21,0,5,8,10,3,0,0,0,0,0
478,潜水艦,潜水ヨ級,34,0,74,0,27,0,5,9,10,3,0,0,0,0,0
479,潜水艦,潜水カ級,37,0,86,0,30,0,10,10,20,3,0,0,0,0,0
480,潜水艦,潜水ヨ級,44,0,96,0,36,0,10,10,20,3,0,0,0,0,0
481,航空戦艦,浮遊要塞,88,50,40,20,40,0,5,10,1,3,30,30,30,0,0
482,航空戦艦,浮遊要塞,88,50,40,20,40,0,5,10,1,3,30,30,30,0,0
483,航空戦艦,浮遊要塞,88,50,40,20,40,0,5,10,1,3,30,30,30,0,0
484,航空戦艦,泊地棲鬼,180,90,60,70,80,0,10,70,30,3,60,60,60,0,0
485,航空戦艦,泊地棲姫,300,96,90,80,90,0,20,80,40,3,60,60,60,0,0
486,巡洋戦艦,戦艦タ級,84,60,0,60,80,0,20,25,10,4,4,4,4,4,0
487,巡洋戦艦,戦艦タ級,88,75,0,65,88,0,40,30,20,4,4,4,4,4,0
488,巡洋戦艦,戦艦タ級,90,85,0,70,96,0,55,35,30,4,4,4,4,4,0
489,航空戦艦,装甲空母鬼,150,70,80,60,80,0,10,70,10,3,80,80,0,0,0
490,航空戦艦,装甲空母姫,270,90,90,70,90,0,20,80,20,3,96,96,0,0,0
491,航空戦艦,南方棲鬼,180,90,80,70,90,0,20,70,30,3,0,0,50,0,0
492,航空戦艦,南方棲戦鬼,240,120,90,80,10,0,25,80,40,3,0,70,70,0,0
493,航空戦艦,南方棲戦姫,350,160,100,80,120,0,30,90,50,3,0,0,90,0,0
494,航空戦艦,護衛要塞,66,55,45,20,50,0,5,10,1,3,0,35,35,0,0
495,航空戦艦,護衛要塞,66,55,45,20,50,0,5,10,1,3,0,35,35,0,0
496,航空戦艦,護衛要塞,66,55,45,20,50,0,5,10,1,3,0,35,35,0,0
497,駆逐艦,駆逐ロ級,43,33,60,24,24,55,52,10,20,3,0,0,0,0,0
498,駆逐艦,駆逐ハ級,47,30,60,24,27,60,54,12,20,3,0,0,0,0,0
499,軽巡洋艦,軽巡ホ級,53,42,72,27,36,70,44,20,20,3,2,2,2,2,0
500,軽巡洋艦,軽巡ヘ級,57,48,80,30,39,80,46,24,20,4,2,2,2,2,0
501,航空戦艦,飛行場姫,500,70,0,120,140,0,1,90,10,4,98,98,98,98,0
502,戦艦,戦艦棲姫,400,180,0,80,160,0,30,70,40,4,0,0,0,0,0
503,補給艦,輸送ワ級,130,55,0,40,65,0,10,10,20,3,0,0,0,0,0
504,重雷装巡洋艦,雷巡チ級,70,50,120,30,60,50,55,15,30,3,1,1,1,0,0
505,軽空母,軽母ヌ級,84,18,0,36,70,0,40,40,30,4,22,22,22,22,0
506,航空戦艦,戦艦レ級,180,90,100,80,110,90,45,50,60,4,0,0,0,140,0
507,航空戦艦,戦艦レ級,270,130,120,100,130,100,50,70,70,4,0,0,0,180,0
508,駆逐艦,駆逐イ級,39,32,60,24,24,82,60,10,30,3,0,0,0,0,0
509,正規空母,空母ヲ級改,160,40,0,90,120,0,50,60,30,4,36,36,36,36,0
510,重巡洋艦,重巡リ級改,88,88,80,58,80,0,57,30,40,4,4,4,4,4,0
511,戦艦,戦艦ル級改,130,110,0,88,110,0,43,36,50,4,5,5,5,5,0
512,潜水艦,潜水ソ級,33,24,70,0,15,0,5,10,15,2,0,0,0,0,0
513,潜水艦,潜水ソ級,45,30,100,0,30,0,10,15,30,3,0,0,0,0,0
514,潜水艦,潜水ソ級,48,30,135,0,42,0,15,18,45,3,0,0,0,0,0
515,航空戦艦,港湾棲姫,380,100,0,150,135,0,1,100,20,4,80,80,80,80,0
516,航空戦艦,離島棲鬼,450,150,0,100,150,0,10,80,50,4,90,90,90,90,0
517,駆逐艦,駆逐イ級後期型,35,38,60,30,22,72,48,20,30,3,0,0,0,0,0
518,駆逐艦,駆逐ロ級後期型,37,38,66,32,26,80,52,20,36,3,0,0,0,0,0
519,駆逐艦,駆逐ハ級後期型,38,44,72,36,29,80,56,24,42,3,0,0,0,0,0
520,駆逐艦,駆逐ニ級後期型,40,48,84,38,33,88,66,28,48,3,0,0,0,0,0
521,正規空母,空母ヲ級,96,25,0,50,80,0,45,50,30,3,32,32,27,5,0
522,航空戦艦,北方棲姫,360,90,0,130,135,0,10,80,40,4,0,72,64,36,0
523,航空戦艦,北方棲姫,500,170,0,160,145,0,20,100,50,4,0,72,80,40,0
524,航空戦艦,中間棲姫,550,100,0,140,135,0,15,100,50,5,0,64,58,58,0
525,航空戦艦,中間棲姫,600,180,0,180,180,0,30,130,60,5,0,84,96,0,0
526,正規空母,空母棲鬼,250,120,0,100,138,0,46,100,50,4,48,48,48,0,0
527,正規空母,空母棲姫,350,180,0,130,150,0,53,130,70,4,60,52,56,0,0
528,航空戦艦,北方棲姫,300,80,0,120,125,0,15,80,40,4,0,72,64,36,0
529,航空戦艦,北方棲姫,390,140,0,140,140,0,25,100,50,4,0,72,72,40,0
530,航空戦艦,北方棲姫,300,60,0,100,110,0,5,80,35,4,0,64,48,36,0
531,航空戦艦,北方棲姫,390,140,0,120,125,0,15,100,40,4,0,64,68,40,0
532,軽巡洋艦,軽巡ツ級,48,58,84,88,55,96,69,48,55,4,0,0,3,3,0
533,軽巡洋艦,軽巡ツ級,66,64,92,96,68,98,74,58,66,4,0,0,3,3,0
534,重巡洋艦,重巡ネ級,80,73,66,72,82,-1,-1,-1,60,4,0,0,0,4,0
535,重巡洋艦,重巡ネ級,88,79,74,79,89,-1,-1,-1,70,4,0,0,0,4,0
536,駆逐艦,駆逐棲姫,150,59,90,60,100,-1,-1,-1,70,3,0,0,0,0,0
537,駆逐艦,駆逐棲姫,190,69,90,60,115,-1,-1,-1,80,3,0,0,0,0,0
538,正規空母,空母水鬼,0,0,0,0,0,-1,-1,-1,0,4,0,0,0,0,0
539,正規空母,空母水鬼,390,190,0,140,190,-1,-1,-1,70,4,66,60,60,0,0
540,軽巡洋艦,軽巡棲鬼,210,59,88,60,135,-1,-1,-1,70,4,0,0,0,3,0
541,軽巡洋艦,軽巡棲鬼,270,69,98,60,170,-1,-1,-1,90,4,0,0,0,3,0
542,戦艦,戦艦水鬼,0,0,0,0,0,-1,-1,-1,0,4,0,0,0,0,0
543,戦艦,戦艦水鬼,500,198,0,96,200,-1,-1,-1,90,4,0,0,0,6,0
544,航空戦艦,港湾水鬼,0,0,0,0,0,-1,-1,-1,0,4,0,0,0,0,0
545,航空戦艦,港湾水鬼,450,130,0,120,140,-1,-1,-1,65,4,0,0,108,108,0
546,航空戦艦,港湾水鬼,0,0,0,0,0,-1,-1,-1,0,4,0,0,0,0,0
547,航空戦艦,港湾水鬼,500,160,0,160,160,-1,-1,-1,75,4,0,0,130,130,0
548,航空戦艦,泊地水鬼,330,120,0,80,200,-1,-1,-1,0,4,0,0,0,120,0
549,航空戦艦,泊地水鬼,330,130,0,90,220,-1,-1,-1,75,4,0,0,0,140,0
550,航空戦艦,泊地水鬼,430,140,0,100,220,-1,-1,-1,0,4,0,0,0,160,0
551,航空戦艦,泊地水鬼,430,150,0,110,240,-1,-1,-1,85,4,0,0,0,180,0
552,航空戦艦,港湾棲姫,490,180,0,170,177,-1,-1,-1,65,4,0,0,0,180,0
553,正規空母,空母ヲ級,96,25,0,50,80,-1,-1,-1,0,3,32,32,27,5,0
554,正規空母,空母ヲ級,96,25,0,50,80,-1,-1,-1,0,3,32,32,27,5,0
555,正規空母,空母ヲ級改,160,40,0,90,120,-1,-1,-1,0,3,36,36,36,36,0
556,正規空母,空母ヲ級改,160,40,0,90,120,-1,-1,-1,0,3,36,36,36,36,0
557,正規空母,空母ヲ級改,160,40,0,90,120,-1,-1,-1,0,3,36,36,36,36,0
558,正規空母,空母棲鬼,250,120,0,100,138,-1,-1,-1,0,4,48,48,48,0,0
559,正規空母,空母棲姫,350,180,0,130,150,-1,-1,-1,0,4,60,52,56,0,0
560,駆逐艦,駆逐イ級後期型,39,48,76,40,30,-1,-1,-1,0,3,0,0,0,0,0
561,駆逐艦,駆逐ロ級後期型,43,58,88,44,36,-1,-1,-1,0,3,0,0,0,0,0
562,駆逐艦,駆逐ハ級後期型,46,58,76,48,36,-1,-1,-1,0,3,0,0,0,0,0
563,駆逐艦,駆逐ニ級後期型,49,64,98,48,48,-1,-1,-1,0,3,0,0,0,0,0
564,水上機母艦,水母棲姫,350,75,88,70,150,-1,-1,-1,0,4,0,0,0,32,0
565,水上機母艦,水母棲姫,350,95,98,80,175,-1,-1,-1,0,4,0,0,0,64,0
566,水上機母艦,水母棲姫,350,115,98,90,195,-1,-1,-1,2,4,0,0,0,96,0
567,駆逐艦,防空棲姫,0,0,0,0,0,-1,-1,-1,0,3,0,0,0,0,0
568,駆逐艦,防空棲姫,0,0,0,0,0,-1,-1,-1,0,3,0,0,0,0,0
569,駆逐艦,防空棲姫,255,190,95,390,333,-1,-1,-1,0,3,0,0,0,0,0
570,航空戦艦,飛行場姫,0,0,0,0,0,-1,-1,-1,0,4,0,0,0,0,0
571,航空戦艦,飛行場姫,0,0,0,0,0,-1,-1,-1,0,4,0,0,0,0,0
572,航空戦艦,飛行場姫,500,95,0,140,190,-1,-1,-1,0,4,98,98,98,98,0
573,航空戦艦,離島棲鬼,450,150,0,100,155,-1,-1,-1,0,4,90,90,90,90,0
574,航空戦艦,離島棲鬼,450,165,0,110,170,-1,-1,-1,0,4,0,0,0,0,0
575,航空戦艦,離島棲鬼,450,180,0,120,185,-1,-1,-1,0,4,90,90,90,90,0
576,駆逐艦,PT小鬼群,9,9,88,12,19,-1,-1,-1,0,2,0,0,0,0,0
577,駆逐艦,PT小鬼群,9,9,98,18,29,-1,-1,-1,0,2,0,0,0,0,0
578,駆逐艦,PT小鬼群,15,15,98,18,29,-1,-1,-1,0,2,0,0,0,0,0
579,駆逐艦,PT小鬼群,18,18,118,24,39,-1,-1,-1,0,2,0,0,0,0,0
580,軽巡洋艦,軽巡棲姫,230,64,93,50,145,-1,-1,-1,0,4,0,0,0,0,0
581,軽巡洋艦,軽巡棲姫,290,74,96,55,175,-1,-1,-1,0,4,0,0,0,0,0
582,軽巡洋艦,軽巡棲姫,330,79,99,55,185,-1,-1,-1,0,4,0,0,0,0,0
583,潜水艦,潜水棲姫,110,50,140,0,49,-1,-1,-1,0,3,0,0,0,0,0
584,潜水艦,潜水棲姫,130,70,155,0,69,-1,-1,-1,0,3,0,0,0,0,0
585,潜水艦,潜水棲姫,160,90,170,0,93,-1,-1,-1,0,3,0,0,0,0,0
586,駆逐艦,駆逐水鬼,255,100,110,70,150,-1,-1,-1,0,4,0,0,0,0,0
587,駆逐艦,駆逐水鬼,255,120,120,80,170,-1,-1,-1,0,4,0,0,0,0,0
588,駆逐艦,駆逐水鬼,255,140,130,90,180,-1,-1,-1,0,4,0,0,0,0,0
589,航空戦艦,飛行場姫,500,50,0,120,140,-1,-1,-1,0,4,12,12,6,6,0
590,航空戦艦,飛行場姫,500,60,0,120,140,-1,-1,-1,0,4,24,12,6,6,0
591,航空戦艦,飛行場姫,500,70,0,120,140,-1,-1,-1,0,4,24,24,12,12,0
592,航空戦艦,集積地棲姫,600,70,88,60,100,-1,-1,-1,0,4,12,12,6,6,0
593,航空戦艦,集積地棲姫,600,90,98,70,130,-1,-1,-1,0,4,24,12,6,6,0
594,航空戦艦,集積地棲姫,600,130,118,80,160,-1,-1,-1,0,4,24,24,12,12,0
595,航空戦艦,集積地棲姫-壊,380,130,88,70,130,-1,-1,-1,0,4,24,12,6,6,0
596,航空戦艦,集積地棲姫-壊,430,160,98,80,160,-1,-1,-1,0,4,24,24,12,12,0
597,航空戦艦,集積地棲姫-壊,480,190,118,90,190,-1,-1,-1,0,4,36,24,24,12,0
598,重巡洋艦,重巡棲姫,350,100,66,72,145,-1,-1,-1,0,4,0,0,0,4,0
599,重巡洋艦,重巡棲姫,350,130,74,79,175,-1,-1,-1,0,4,0,0,0,4,0
600,重巡洋艦,重巡棲姫,350,160,82,86,195,-1,-1,-1,0,4,0,0,0,4,0
601,重巡洋艦,重巡棲姫,370,130,74,79,158,-1,-1,-1,0,4,0,0,0,4,0
602,重巡洋艦,重巡棲姫,380,160,82,86,188,-1,-1,-1,0,4,0,0,0,4,0
603,重巡洋艦,重巡棲姫,390,190,90,93,208,-1,-1,-1,0,4,0,0,0,4,0
604,戦艦,砲台小鬼,130,100,0,65,110,-1,-1,-1,0,4,0,0,0,0,0
605,戦艦,砲台小鬼,130,100,0,75,105,-1,-1,-1,0,4,0,0,0,0,0
606,戦艦,砲台小鬼,130,100,0,85,100,-1,-1,-1,0,4,0,0,0,0,0
607,正規空母,離島棲姫,0,0,0,0,0,-1,-1,-1,0,4,0,0,0,0,0
608,正規空母,離島棲姫,0,0,0,0,0,-1,-1,-1,0,4,0,0,0,0,0
609,正規空母,離島棲姫,0,0,0,0,0,-1,-1,-1,0,4,0,0,0,0,0
610,航空戦艦,離島棲姫,0,0,0,0,0,-1,-1,-1,0,4,0,0,0,0,0
611,戦艦,離島棲姫,0,0,0,0,0,-1,-1,-1,0,4,0,0,0,0,0
612,駆逐艦,駆逐古鬼,170,80,100,58,149,-1,-1,-1,0,4,0,0,0,0,0
613,駆逐艦,駆逐古鬼,180,88,110,64,158,-1,-1,-1,0,4,0,0,0,0,0
614,駆逐艦,駆逐古鬼,190,96,120,81,167,-1,-1,-1,0,4,0,0,0,0,0
615,駆逐艦,駆逐水鬼,200,100,110,70,155,-1,-1,-1,0,4,0,0,0,0,0
616,駆逐艦,駆逐水鬼,220,120,120,80,160,-1,-1,-1,0,4,0,0,0,0,0
617,駆逐艦,駆逐水鬼,240,140,130,90,170,-1,-1,-1,0,4,0,0,0,0,0
618,正規空母,リコリス棲姫,600,150,0,120,100,-1,-1,-1,0,4,24,24,24,24,0
619,正規空母,リコリス棲姫,640,170,0,130,120,-1,-1,-1,0,4,30,30,30,30,0
620,正規空母,リコリス棲姫,680,190,0,140,140,-1,-1,-1,0,4,36,36,36,36,0
621,正規空母,リコリス棲姫,600,150,0,120,100,-1,-1,-1,0,4,0,0,0,0,0
622,正規空母,リコリス棲姫,600,150,0,120,100,-1,-1,-1,0,4,0,0,0,0,0
623,戦艦,中枢棲姫,600,110,80,100,180,-1,-1,-1,0,4,0,0,16,0,0
624,戦艦,中枢棲姫,800,160,90,140,210,-1,-1,-1,0,4,0,0,16,0,0
625,戦艦,中枢棲姫,900,200,100,180,240,-1,-1,-1,0,4,0,0,16,0,0
626,戦艦,中枢棲姫-壊,550,150,120,100,210,-1,-1,-1,0,4,0,0,16,0,0
627,戦艦,中枢棲姫-壊,750,180,140,140,240,-1,-1,-1,0,4,0,0,16,0,0
628,戦艦,中枢棲姫-壊,850,230,160,180,270,-1,-1,-1,0,4,0,0,16,0,0
629,駆逐艦,駆逐古姫,0,0,0,0,0,-1,-1,-1,0,4,0,0,0,0,0
630,駆逐艦,駆逐古姫,0,0,0,0,0,-1,-1,-1,0,4,0,0,0,0,0
631,駆逐艦,駆逐古姫,195,130,140,90,167,-1,-1,-1,0,4,0,0,0,0,0
632,潜水艦,潜水夏姫,110,50,140,0,38,-1,-1,-1,0,3,0,0,0,0,0
633,潜水艦,潜水夏姫,140,70,155,0,48,-1,-1,-1,0,3,0,0,0,0,0
634,潜水艦,潜水夏姫,180,90,170,0,58,-1,-1,-1,0,3,0,0,0,0,0
635,戦艦,戦艦夏姫,400,180,0,80,148,-1,-1,-1,0,4,0,0,0,0,0
636,戦艦,戦艦夏姫,450,185,0,84,158,-1,-1,-1,0,4,0,0,0,0,0
637,戦艦,戦艦夏姫,530,195,0,88,168,-1,-1,-1,0,4,0,0,0,0,0
638,航空戦艦,港湾夏姫,500,170,0,170,147,-1,-1,-1,0,4,0,0,81,81,0
639,航空戦艦,港湾夏姫,600,188,0,180,157,-1,-1,-1,0,4,0,0,96,81,0
640,航空戦艦,港湾夏姫,700,200,0,188,167,-1,-1,-1,0,4,0,0,96,96,0
641,航空戦艦,港湾夏姫-壊,444,170,0,170,164,-1,-1,-1,0,4,0,0,81,81,0
642,航空戦艦,港湾夏姫-壊,544,188,0,180,184,-1,-1,-1,0,4,0,0,96,81,0
643,航空戦艦,港湾夏姫-壊,644,200,0,188,214,-1,-1,-1,0,4,0,0,96,96,0
644,重巡洋艦,重巡夏姫,370,110,74,72,139,-1,-1,-1,0,4,0,0,0,4,0
645,重巡洋艦,重巡夏姫,430,140,82,79,169,-1,-1,-1,0,4,0,0,0,4,0
646,重巡洋艦,重巡夏姫,490,170,90,86,189,-1,-1,-1,0,4,0,0,0,4,0
647,水上機母艦,水母水姫,0,0,0,0,0,-1,-1,-1,0,4,0,0,0,0,0
648,水上機母艦,水母水姫,0,0,0,0,0,-1,-1,-1,0,4,0,0,0,0,0
649,水上機母艦,水母水姫,0,0,0,0,0,-1,-1,-1,0,4,0,0,0,0,0
650,正規空母,深海海月姫,0,0,0,0,0,-1,-1,-1,0,4,0,0,0,0,0
651,正規空母,深海海月姫,0,0,0,0,0,-1,-1,-1,0,4,0,0,0,0,0
652,正規空母,深海海月姫,0,0,0,0,0,-1,-1,-1,0,4,0,0,0,0,0
653,正規空母,空母ヲ級改,0,0,0,0,0,-1,-1,-1,0,4,0,0,0,0,0
654,正規空母,空母ヲ級改,0,0,0,0,0,-1,-1,-1,0,4,0,0,0,0,0
655,航空戦艦,深海双子棲姫,0,0,0,0,0,-1,-1,-1,0,4,0,0,0,0,0
656,航空戦艦,深海双子棲姫,800,210,160,140,188,-1,-1,-1,0,4,0,0,0,0,0
657,航空戦艦,深海双子棲姫,0,0,0,0,0,-1,-1,-1,0,4,0,0,0,0,0
658,航空戦艦,深海双子棲姫-壊,0,0,0,0,0,-1,-1,-1,0,4,0,0,0,0,0
659,航空戦艦,深海双子棲姫-壊,660,230,150,130,209,-1,-1,-1,0,4,0,0,0,0,0
660,航空戦艦,深海双子棲姫-壊,0,0,0,0,0,-1,-1,-1,0,4,0,0,0,0,0
